entry1,entry2,position1,position2,peptide1,peptide2,k_pos1,k_pos2,Organism
Q9DC69,P12787,189,68,AVGEKEVR,KGMNTLVGYDLVPEPK, , ,
P56382,Q03265,37,503,ANAEKTSGSSIK,GYLDKLEPSKITK, ,,
Q9D6J6,Q3U422,209,52,AGKVPKPGPR,TQSVLKEPEPTDTTTYK,3,6,
Q91YT0,Q3U422,53,52,LKGALR,TQSVLKEPEPTDTTTYK,2,6,
Q91YT0,Q3U422,59,52,RGDWYKTK,TQSVLKEPEPTDTTTYK,6,6,
Q9CQ75,Q9CQ75,13,98,AVGAKLGLR,AMQNVLSGKA, ,,
Q9CQ62,Q9CQ62,110,97,TGNKVHAIR,NIDVLKATAEEISSK, ,,
Q03265,P56480,261,198,STVAQLVKR,VVDLLAPYAKGGK, ,,
Q9DB20,P56480,97,124,SLNDITKR,GQKVLDSGAPIK, ,,
Q9DB20,P56480,90,124,VKSLNDITKR,GQKVLDSGAPIK, ,,
Q9DCX2,Q03265,5,240,KLALK,FNDGTDEKKK, ,,
Q9DB20,P56480,53,124,EKKLDQVEK,GQKVLDSGAPIK, ,,
Q9DB20,Q9CQQ7,199,225,YVDMSAKSK,HVVKSISVQQEK, ,,
Q8BMS1,Q99JY0,163,191,IATKDR,AKTLGQR, ,,
P56382,Q03265,44,498,TSGSSIKIVK,GYLDKLEPSK, ,,
Q99LC3,Q9CQZ5,243,90,KTFLPK,GKMELQETIK, ,,
Q91VR2,Q03265,46,539,ITKSMK,ISEQSDAKLK,3,8,
Q8JZQ2,Q9CR68,163,163,MYFLWTALFWGGVMIYFVFKSSGR,LSDIPEGKNMAFK,,,
Q9WV98,P62073,58,45,YLKMTQR,EAELSKGESVCLDR,,,
Q03265,Q03265,240,531,FNDGTDEKKK,SDGKISEQSDAK, , ,
P08249,P08249,105,105,KPGMTR,KPGMTR, , ,
Q6P8J7,Q6P8J7,292,140,GLKEVER,VMKHPTDLDASK, , ,
Q6P8J7,Q6P8J7,353,353,LQKR,LQKR, , ,
Q9D2G2,Q9D2G2,273,278,HKDAFLKK,HNLKLGFMSAFVK, , ,
