,unip_id_a,unip_id_b,pos_a,pos_b,pep_a,pep_b,res_pos_a,res_pos_b,pdb_id,pdb_method,pdb_resolution,chain_a,chain_b,pdb_pos_a,pdb_pos_b,pLDDT_a,pLDDT_b,topo_dist,homo_pep_overl,evidence,XL_type,XL_confirmed,swiss_model_homology,Organism
0,Q9DC69,P12787,189,68,AVGEKEVR,KGMNTLVGYDLVPEPK, , ,-,-,-,-,-,,,-,-,,False,,inter,False,,
1,P56382,Q03265,37,503,ANAEKTSGSSIK,GYLDKLEPSKITK, ,,6TT7,ELECTRON MICROSCOPY,3.5,I,A,37.0,460.0,-,-,29.273,False,,inter,True,,
2,Q9D6J6,Q3U422,211,57,AGKVPKPGPR,TQSVLKEPEPTDTTTYK,3,6,-,-,-,-,-,,,-,-,,False,,inter,False,,
3,Q91YT0,Q3U422,54,57,LKGALR,TQSVLKEPEPTDTTTYK,2,6,-,-,-,-,-,,,-,-,,False,,inter,False,,
4,Q91YT0,Q3U422,64,57,RGDWYKTK,TQSVLKEPEPTDTTTYK,6,6,-,-,-,-,-,,,-,-,,False,,inter,False,,
5,Q9CQ75,Q9CQ75,13,98,AVGAKLGLR,AMQNVLSGKA, ,,afQ9CQ75,ALPHAFOLD,ALPHAFOLD,A,A,13.0,98.0,54.57,56.69,,False,,intra,False,,
6,Q9CQ62,Q9CQ62,110,97,TGNKVHAIR,NIDVLKATAEEISSK, ,,afQ9CQ62,ALPHAFOLD,ALPHAFOLD,A,A,110.0,97.0,98.58,98.75,13.53,False,,intra,True,homo2mer_homo4mer,
7,Q03265,P56480,261,198,STVAQLVKR,VVDLLAPYAKGGK, ,,6TT7,ELECTRON MICROSCOPY,3.5,A,D,218.0,150.0,-,-,18.654,False,,inter,True,,
7_5,Q03265,P56480,261,198,STVAQLVKR,VVDLLAPYAKGGK, ,,6TT7,ELECTRON MICROSCOPY,3.5,B,E,218.0,150.0,-,-,15.418,False,,inter,True,,
7_9,Q03265,P56480,261,198,STVAQLVKR,VVDLLAPYAKGGK, ,,6TT7,ELECTRON MICROSCOPY,3.5,C,F,218.0,150.0,-,-,18.138,False,,inter,True,,
8,Q9DB20,P56480,97,124,SLNDITKR,GQKVLDSGAPIK, ,,-,-,-,-,-,,,-,-,,False,,inter,False,,
9,Q9DB20,P56480,90,124,VKSLNDITKR,GQKVLDSGAPIK, ,,-,-,-,-,-,,,-,-,,False,,inter,False,,
10,Q9DCX2,Q03265,5,240,KLALK,FNDGTDEKKK, ,,-,-,-,-,-,,,-,-,,True,,inter,True,,
11,Q9DB20,P56480,53,124,EKKLDQVEK,GQKVLDSGAPIK, ,,-,-,-,-,-,,,-,-,,False,,inter,False,,
12,Q9DB20,Q9CQQ7,199,225,YVDMSAKSK,HVVKSISVQQEK, ,,-,-,-,-,-,,,-,-,,True,,inter,True,,
13,Q8BMS1,Q99JY0,163,191,IATKDR,AKTLGQR, ,,-,-,-,-,-,,,-,-,,False,,inter,False,,
14_3,P56382,Q03265,44,498,TSGSSIKIVK,GYLDKLEPSK, ,,6TT7,ELECTRON MICROSCOPY,3.5,I,C,44.0,455.0,-,-,27.155,False,,inter,True,,
15,Q99LC3,Q9CQZ5,243,90,KTFLPK,GKMELQETIK, ,,6G2J,ELECTRON MICROSCOPY,3.3,O,W,208.0,89.0,-,-,26.606,False,,inter,True,heteromer,
16,Q91VR2,Q03265,46,539,ITKSMK,ISEQSDAKLK,3,8,2W6E,X-RAY DIFFRACTION,6.5,G,A,,496.0,-,-,,False,,inter,False,,
16_2,Q91VR2,Q03265,46,539,ITKSMK,ISEQSDAKLK,3,8,2W6E,X-RAY DIFFRACTION,6.5,G,B,,496.0,-,-,,False,,inter,False,,
16_3,Q91VR2,Q03265,46,539,ITKSMK,ISEQSDAKLK,3,8,2W6E,X-RAY DIFFRACTION,6.5,G,C,,496.0,-,-,,False,,inter,False,,
17,Q8JZQ2,Q9CR68,163,163,MYFLWTALFWGGVMIYFVFKSSGR,LSDIPEGKNMAFK,,,-,-,-,-,-,,,-,-,,False,,inter,False,,
18,Q9WV98,P62073,58,45,YLKMTQR,EAELSKGESVCLDR,,,2BSK,X-RAY DIFFRACTION,3.3,A,B,58.0,45.0,-,-,14.289,False,,inter,True,,
18_5,Q9WV98,P62073,58,45,YLKMTQR,EAELSKGESVCLDR,,,2BSK,X-RAY DIFFRACTION,3.3,C,D,58.0,45.0,-,-,14.034,False,,inter,True,,
18_9,Q9WV98,P62073,58,45,YLKMTQR,EAELSKGESVCLDR,,,2BSK,X-RAY DIFFRACTION,3.3,E,F,58.0,45.0,-,-,14.145,False,,inter,True,,
19,Q03265,Q03265,240,531,FNDGTDEKKK,SDGKISEQSDAK, , ,6TT7,ELECTRON MICROSCOPY,3.5,A,A,197.0,488.0,-,-,17.255,False,,intra,True,,
19_5,Q03265,Q03265,240,531,FNDGTDEKKK,SDGKISEQSDAK, , ,6TT7,ELECTRON MICROSCOPY,3.5,B,B,197.0,488.0,-,-,18.282,False,,intra,True,,
19_9,Q03265,Q03265,240,531,FNDGTDEKKK,SDGKISEQSDAK, , ,6TT7,ELECTRON MICROSCOPY,3.5,C,C,197.0,488.0,-,-,18.865,False,,intra,True,,
20_2,P08249,P08249,105,105,KPGMTR,KPGMTR, , ,2DFD,X-RAY DIFFRACTION,1.9,A,B,87.0,87.0,-,-,29.343,False,,inter,True,homo2mer,
20_3,P08249,P08249,105,105,KPGMTR,KPGMTR, , ,2DFD,X-RAY DIFFRACTION,1.9,A,C,87.0,87.0,-,-,27.297,False,,inter,True,homo2mer,
20_4,P08249,P08249,105,105,KPGMTR,KPGMTR, , ,2DFD,X-RAY DIFFRACTION,1.9,A,D,87.0,87.0,-,-,10.238,False,,inter,True,homo2mer,
20_7,P08249,P08249,105,105,KPGMTR,KPGMTR, , ,2DFD,X-RAY DIFFRACTION,1.9,B,C,87.0,87.0,-,-,10.481,False,,inter,True,homo2mer,
20_8,P08249,P08249,105,105,KPGMTR,KPGMTR, , ,2DFD,X-RAY DIFFRACTION,1.9,B,D,87.0,87.0,-,-,28.865,False,,inter,True,homo2mer,
20_12,P08249,P08249,105,105,KPGMTR,KPGMTR, , ,2DFD,X-RAY DIFFRACTION,1.9,C,D,87.0,87.0,-,-,29.124,False,,inter,True,homo2mer,
21_10,Q6P8J7,Q6P8J7,292,140,GLKEVER,VMKHPTDLDASK, , ,4Z9M,X-RAY DIFFRACTION,2.1,B,B,292.0,140.0,-,-,21.431,False,,intra,True,homo2mer,
21_19,Q6P8J7,Q6P8J7,292,140,GLKEVER,VMKHPTDLDASK, , ,4Z9M,X-RAY DIFFRACTION,2.1,C,C,292.0,140.0,-,-,21.867,False,,intra,True,homo2mer,
21_28,Q6P8J7,Q6P8J7,292,140,GLKEVER,VMKHPTDLDASK, , ,4Z9M,X-RAY DIFFRACTION,2.1,D,D,292.0,140.0,-,-,21.632,False,,intra,True,homo2mer,
21_37,Q6P8J7,Q6P8J7,292,140,GLKEVER,VMKHPTDLDASK, , ,4Z9M,X-RAY DIFFRACTION,2.1,E,E,292.0,140.0,-,-,21.501,False,,intra,True,homo2mer,
21_46,Q6P8J7,Q6P8J7,292,140,GLKEVER,VMKHPTDLDASK, , ,4Z9M,X-RAY DIFFRACTION,2.1,F,F,292.0,140.0,-,-,21.594,False,,intra,True,homo2mer,
21_55,Q6P8J7,Q6P8J7,292,140,GLKEVER,VMKHPTDLDASK, , ,4Z9M,X-RAY DIFFRACTION,2.1,G,G,292.0,140.0,-,-,21.456,False,,intra,True,homo2mer,
21_64,Q6P8J7,Q6P8J7,292,140,GLKEVER,VMKHPTDLDASK, , ,4Z9M,X-RAY DIFFRACTION,2.1,H,H,292.0,140.0,-,-,21.551,False,,intra,True,homo2mer,
22,Q6P8J7,Q6P8J7,353,353,LQKR,LQKR, , ,4Z9M,X-RAY DIFFRACTION,2.1,A,A,353.0,353.0,-,-,0.0,False,'same peptide',inter,True,homo2mer,
22_2,Q6P8J7,Q6P8J7,353,353,LQKR,LQKR, , ,afQ6P8J7,ALPHAFOLD,ALPHAFOLD,A,A,353.0,353.0,92.17,92.17,0.0,False,'same peptide',inter,True,homo2mer,
22_19,Q6P8J7,Q6P8J7,353,353,LQKR,LQKR, , ,4Z9M,X-RAY DIFFRACTION,2.1,C,C,353.0,353.0,-,-,0.0,True,'same peptide',inter,True,homo2mer,
22_24,Q6P8J7,Q6P8J7,353,353,LQKR,LQKR, , ,4Z9M,X-RAY DIFFRACTION,2.1,C,H,353.0,353.0,-,-,50.658,False,'distance above range',inter,True,homo2mer,
22_28,Q6P8J7,Q6P8J7,353,353,LQKR,LQKR, , ,4Z9M,X-RAY DIFFRACTION,2.1,D,D,353.0,353.0,-,-,0.0,True,'same peptide',inter,True,homo2mer,
22_30,Q6P8J7,Q6P8J7,353,353,LQKR,LQKR, , ,4Z9M,X-RAY DIFFRACTION,2.1,D,F,353.0,353.0,-,-,50.654,False,'distance above range',inter,True,homo2mer,
22_37,Q6P8J7,Q6P8J7,353,353,LQKR,LQKR, , ,4Z9M,X-RAY DIFFRACTION,2.1,E,E,353.0,353.0,-,-,0.0,True,'same peptide',inter,True,homo2mer,
22_46,Q6P8J7,Q6P8J7,353,353,LQKR,LQKR, , ,4Z9M,X-RAY DIFFRACTION,2.1,F,F,353.0,353.0,-,-,0.0,True,'same peptide',inter,True,homo2mer,
22_64,Q6P8J7,Q6P8J7,353,353,LQKR,LQKR, , ,4Z9M,X-RAY DIFFRACTION,2.1,H,H,353.0,353.0,-,-,0.0,True,'same peptide',inter,True,homo2mer,
23_9,Q9D2G2,Q9D2G2,273,278,HKDAFLKK,HNLKLGFMSAFVK, , ,7UOL,ELECTRON MICROSCOPY,3.5,D,O,274.0,279.0,-,-,23.969,False,,inter,True,homo24mer,
23_26,Q9D2G2,Q9D2G2,273,278,HKDAFLKK,HNLKLGFMSAFVK, , ,7UOL,ELECTRON MICROSCOPY,3.5,E,E,274.0,279.0,-,-,14.027,False,,intra,True,homo24mer,
23_38,Q9D2G2,Q9D2G2,273,278,HKDAFLKK,HNLKLGFMSAFVK, , ,7UOL,ELECTRON MICROSCOPY,3.5,E,T,274.0,279.0,-,-,23.968,False,,inter,True,homo24mer,
23_51,Q9D2G2,Q9D2G2,273,278,HKDAFLKK,HNLKLGFMSAFVK, , ,7UOL,ELECTRON MICROSCOPY,3.5,F,F,274.0,279.0,-,-,14.026,False,,intra,True,homo24mer,
23_54,Q9D2G2,Q9D2G2,273,278,HKDAFLKK,HNLKLGFMSAFVK, , ,7UOL,ELECTRON MICROSCOPY,3.5,F,L,274.0,279.0,-,-,23.979,False,,inter,True,homo24mer,
23_76,Q9D2G2,Q9D2G2,273,278,HKDAFLKK,HNLKLGFMSAFVK, , ,7UOL,ELECTRON MICROSCOPY,3.5,J,J,274.0,279.0,-,-,14.025,False,,intra,True,homo24mer,
23_90,Q9D2G2,Q9D2G2,273,278,HKDAFLKK,HNLKLGFMSAFVK, , ,7UOL,ELECTRON MICROSCOPY,3.5,J,X,274.0,279.0,-,-,23.954,False,,inter,True,homo24mer,
23_98,Q9D2G2,Q9D2G2,273,278,HKDAFLKK,HNLKLGFMSAFVK, , ,7UOL,ELECTRON MICROSCOPY,3.5,K,E,274.0,279.0,-,-,23.962,False,,inter,True,homo24mer,
23_101,Q9D2G2,Q9D2G2,273,278,HKDAFLKK,HNLKLGFMSAFVK, , ,7UOL,ELECTRON MICROSCOPY,3.5,K,K,274.0,279.0,-,-,14.027,False,,intra,True,homo24mer,
23_126,Q9D2G2,Q9D2G2,273,278,HKDAFLKK,HNLKLGFMSAFVK, , ,7UOL,ELECTRON MICROSCOPY,3.5,L,L,274.0,279.0,-,-,14.027,False,,intra,True,homo24mer,
23_131,Q9D2G2,Q9D2G2,273,278,HKDAFLKK,HNLKLGFMSAFVK, , ,7UOL,ELECTRON MICROSCOPY,3.5,L,Q,274.0,279.0,-,-,23.969,False,,inter,True,homo24mer,
23_151,Q9D2G2,Q9D2G2,273,278,HKDAFLKK,HNLKLGFMSAFVK, , ,7UOL,ELECTRON MICROSCOPY,3.5,M,M,274.0,279.0,-,-,14.024,False,,intra,True,homo24mer,
23_156,Q9D2G2,Q9D2G2,273,278,HKDAFLKK,HNLKLGFMSAFVK, , ,7UOL,ELECTRON MICROSCOPY,3.5,M,R,274.0,279.0,-,-,23.985,False,,inter,True,homo24mer,
23_171,Q9D2G2,Q9D2G2,273,278,HKDAFLKK,HNLKLGFMSAFVK, , ,7UOL,ELECTRON MICROSCOPY,3.5,N,F,274.0,279.0,-,-,23.963,False,,inter,True,homo24mer,
23_176,Q9D2G2,Q9D2G2,273,278,HKDAFLKK,HNLKLGFMSAFVK, , ,7UOL,ELECTRON MICROSCOPY,3.5,N,N,274.0,279.0,-,-,14.027,False,,intra,True,homo24mer,
23_201,Q9D2G2,Q9D2G2,273,278,HKDAFLKK,HNLKLGFMSAFVK, , ,7UOL,ELECTRON MICROSCOPY,3.5,O,O,274.0,279.0,-,-,14.028,False,,intra,True,homo24mer,
23_215,Q9D2G2,Q9D2G2,273,278,HKDAFLKK,HNLKLGFMSAFVK, , ,7UOL,ELECTRON MICROSCOPY,3.5,O,c,274.0,279.0,-,-,23.962,False,,inter,True,homo24mer,
23_220,Q9D2G2,Q9D2G2,273,278,HKDAFLKK,HNLKLGFMSAFVK, , ,7UOL,ELECTRON MICROSCOPY,3.5,P,J,274.0,279.0,-,-,23.961,False,,inter,True,homo24mer,
23_226,Q9D2G2,Q9D2G2,273,278,HKDAFLKK,HNLKLGFMSAFVK, , ,7UOL,ELECTRON MICROSCOPY,3.5,P,P,274.0,279.0,-,-,14.026,False,,intra,True,homo24mer,
23_248,Q9D2G2,Q9D2G2,273,278,HKDAFLKK,HNLKLGFMSAFVK, , ,7UOL,ELECTRON MICROSCOPY,3.5,Q,N,274.0,279.0,-,-,23.982,False,,inter,True,homo24mer,
23_251,Q9D2G2,Q9D2G2,273,278,HKDAFLKK,HNLKLGFMSAFVK, , ,7UOL,ELECTRON MICROSCOPY,3.5,Q,Q,274.0,279.0,-,-,14.026,False,,intra,True,homo24mer,
23_276,Q9D2G2,Q9D2G2,273,278,HKDAFLKK,HNLKLGFMSAFVK, , ,7UOL,ELECTRON MICROSCOPY,3.5,R,R,274.0,279.0,-,-,14.029,False,,intra,True,homo24mer,
23_284,Q9D2G2,Q9D2G2,273,278,HKDAFLKK,HNLKLGFMSAFVK, , ,7UOL,ELECTRON MICROSCOPY,3.5,R,Z,274.0,279.0,-,-,23.99,False,,inter,True,homo24mer,
23_289,Q9D2G2,Q9D2G2,273,278,HKDAFLKK,HNLKLGFMSAFVK, , ,7UOL,ELECTRON MICROSCOPY,3.5,S,D,274.0,279.0,-,-,23.965,False,,inter,True,homo24mer,
23_301,Q9D2G2,Q9D2G2,273,278,HKDAFLKK,HNLKLGFMSAFVK, , ,7UOL,ELECTRON MICROSCOPY,3.5,S,S,274.0,279.0,-,-,14.026,False,,intra,True,homo24mer,
23_326,Q9D2G2,Q9D2G2,273,278,HKDAFLKK,HNLKLGFMSAFVK, , ,7UOL,ELECTRON MICROSCOPY,3.5,T,T,274.0,279.0,-,-,14.026,False,,intra,True,homo24mer,
23_329,Q9D2G2,Q9D2G2,273,278,HKDAFLKK,HNLKLGFMSAFVK, , ,7UOL,ELECTRON MICROSCOPY,3.5,T,W,274.0,279.0,-,-,23.979,False,,inter,True,homo24mer,
23_351,Q9D2G2,Q9D2G2,273,278,HKDAFLKK,HNLKLGFMSAFVK, , ,7UOL,ELECTRON MICROSCOPY,3.5,U,U,274.0,279.0,-,-,14.029,False,,intra,True,homo24mer,
23_360,Q9D2G2,Q9D2G2,273,278,HKDAFLKK,HNLKLGFMSAFVK, , ,7UOL,ELECTRON MICROSCOPY,3.5,U,d,274.0,279.0,-,-,23.967,False,,inter,True,homo24mer,
23_375,Q9D2G2,Q9D2G2,273,278,HKDAFLKK,HNLKLGFMSAFVK, , ,7UOL,ELECTRON MICROSCOPY,3.5,V,U,274.0,279.0,-,-,23.979,False,,inter,True,homo24mer,
23_376,Q9D2G2,Q9D2G2,273,278,HKDAFLKK,HNLKLGFMSAFVK, , ,7UOL,ELECTRON MICROSCOPY,3.5,V,V,274.0,279.0,-,-,14.026,False,,intra,True,homo24mer,
23_389,Q9D2G2,Q9D2G2,273,278,HKDAFLKK,HNLKLGFMSAFVK, , ,7UOL,ELECTRON MICROSCOPY,3.5,W,K,274.0,279.0,-,-,23.935,False,,inter,True,homo24mer,
23_401,Q9D2G2,Q9D2G2,273,278,HKDAFLKK,HNLKLGFMSAFVK, , ,7UOL,ELECTRON MICROSCOPY,3.5,W,W,274.0,279.0,-,-,14.027,False,,intra,True,homo24mer,
23_426,Q9D2G2,Q9D2G2,273,278,HKDAFLKK,HNLKLGFMSAFVK, , ,7UOL,ELECTRON MICROSCOPY,3.5,X,X,274.0,279.0,-,-,14.027,False,,intra,True,homo24mer,
23_427,Q9D2G2,Q9D2G2,273,278,HKDAFLKK,HNLKLGFMSAFVK, , ,7UOL,ELECTRON MICROSCOPY,3.5,X,Y,274.0,279.0,-,-,23.964,False,,inter,True,homo24mer,
23_442,Q9D2G2,Q9D2G2,273,278,HKDAFLKK,HNLKLGFMSAFVK, , ,7UOL,ELECTRON MICROSCOPY,3.5,Y,P,274.0,279.0,-,-,23.963,False,,inter,True,homo24mer,
23_451,Q9D2G2,Q9D2G2,273,278,HKDAFLKK,HNLKLGFMSAFVK, , ,7UOL,ELECTRON MICROSCOPY,3.5,Y,Y,274.0,279.0,-,-,14.027,False,,intra,True,homo24mer,
23_476,Q9D2G2,Q9D2G2,273,278,HKDAFLKK,HNLKLGFMSAFVK, , ,7UOL,ELECTRON MICROSCOPY,3.5,Z,Z,274.0,279.0,-,-,14.026,False,,intra,True,homo24mer,
23_478,Q9D2G2,Q9D2G2,273,278,HKDAFLKK,HNLKLGFMSAFVK, , ,7UOL,ELECTRON MICROSCOPY,3.5,Z,b,274.0,279.0,-,-,23.947,False,,inter,True,homo24mer,
23_496,Q9D2G2,Q9D2G2,273,278,HKDAFLKK,HNLKLGFMSAFVK, , ,7UOL,ELECTRON MICROSCOPY,3.5,a,V,274.0,279.0,-,-,23.963,False,,inter,True,homo24mer,
23_501,Q9D2G2,Q9D2G2,273,278,HKDAFLKK,HNLKLGFMSAFVK, , ,7UOL,ELECTRON MICROSCOPY,3.5,a,a,274.0,279.0,-,-,14.028,False,,intra,True,homo24mer,
23_511,Q9D2G2,Q9D2G2,273,278,HKDAFLKK,HNLKLGFMSAFVK, , ,7UOL,ELECTRON MICROSCOPY,3.5,b,M,274.0,279.0,-,-,23.964,False,,inter,True,homo24mer,
23_526,Q9D2G2,Q9D2G2,273,278,HKDAFLKK,HNLKLGFMSAFVK, , ,7UOL,ELECTRON MICROSCOPY,3.5,b,b,274.0,279.0,-,-,14.028,False,,intra,True,homo24mer,
23_541,Q9D2G2,Q9D2G2,273,278,HKDAFLKK,HNLKLGFMSAFVK, , ,7UOL,ELECTRON MICROSCOPY,3.5,c,S,274.0,279.0,-,-,23.952,False,,inter,True,homo24mer,
23_551,Q9D2G2,Q9D2G2,273,278,HKDAFLKK,HNLKLGFMSAFVK, , ,7UOL,ELECTRON MICROSCOPY,3.5,c,c,274.0,279.0,-,-,14.028,False,,intra,True,homo24mer,
23_573,Q9D2G2,Q9D2G2,273,278,HKDAFLKK,HNLKLGFMSAFVK, , ,7UOL,ELECTRON MICROSCOPY,3.5,d,a,274.0,279.0,-,-,23.99,False,,inter,True,homo24mer,
23_576,Q9D2G2,Q9D2G2,273,278,HKDAFLKK,HNLKLGFMSAFVK, , ,7UOL,ELECTRON MICROSCOPY,3.5,d,d,274.0,279.0,-,-,14.028,False,,intra,True,homo24mer,
